Q1: revised codes,Q1: themes,Q2,Q2: other,Q3,Q4,Q5: revised codes,Q6: revised codes,Q7,Q7: other,Q8a,Q8b,Q8c,Q8d,Q8e,Q8f,Q8g,Q8h,Q9: revised codes,Q9: themes,Q10,Q10: other,Q11,Q11: other,Q12,Q13,Q13: other,Q14
Simulates data; Learning joint distribution; Artificial intelligence-style response,Probabilistic / Bayesian models,"Any model that can produce synthetic data, by any method (mechanistic, probabilistic, or machine learning based).",,No,Yes,Yes: Generative artificial intelligence,Intelligence; Training; Tuning; Optimization,"Synthetic data/augmentation (e.g., variational autoencoders, generative adversarial networks, diffusion models, simulation pipelines),Clinical prediction/stratification (e.g., individualised latent-space models, disease subtyping),Other (please specify)",Large language models,3,4,5,2,1,6,7,8,Generate synthetic data,Simulation realism,Other (please specify),Other,PI / Group leader,,55â 64,Man,,USA
Learning joint distribution,Simulation / synthetic data,"A statistical model that learns a data distribution and can sample new data (e.g., variational autoencoder, diffusion models, generative adversarial networks).",,No,Yes,Yes: Score models and Stein models,Prediction,"Synthetic data/augmentation (e.g., variational autoencoders, generative adversarial networks, diffusion models, simulation pipelines),Normative modeling/deviation maps (e.g., hierarchical Bayesian normative models, Gaussian processes),Encoding/decoding models (e.g., generative encoding models, latent-variable models),Other (please specify)",Large language models,3,4,2,7,1,5,6,8,"Dissagrement with ""best practices"", in principle","Resistance to ""best practices""",Multimodal imaging,,PI / Group leader,,45â 54,Man,,USA
Simulates data; Artificial intelligence-style response;  Training and learning,Other / hybrid / unclear,"Any model that can produce synthetic data, by any method (mechanistic, probabilistic, or machine learning based).",,No,Yes,Yes: Generative adversarial network,,"Mechanistic/biophysical modeling (e.g., neuronalâ haemodynamic models, state-space models, dynamic causal models),Whole-brain dynamical modeling (e.g., network-level simulations, eigenmode-based models),Synthetic data/augmentation (e.g., variational autoencoders, generative adversarial networks, diffusion models, simulation pipelines),Normative modeling/deviation maps (e.g., hierarchical Bayesian normative models, Gaussian processes),Clinical prediction/stratification (e.g., individualised latent-space models, disease subtyping)",,4,7,8,5,3,1,6,2,Understand the data,Appropriateness of assumptions,Other (please specify),Other,PI / Group leader,,45â 54,Woman,,Germany
Explicit rues; Biological detail,Probabilistic / Bayesian models,"A mechanistic model that simulates observed data via an explicit forward process (e.g., neuronalâ hemodynamic model, biophysical state-space model, dynamic causal modeling).",,No,Yes,Yes: network difusion model; No: Dynamic causal models,Biophysical,"Whole-brain dynamical modeling (e.g., network-level simulations, eigenmode-based models)",,2,7,8,4,6,1,5,3,Biological interpretability,Interpretability,MRI,,PhD Student,,25â 34,Man,,USA
Artificial intelligence-style response; Training and learning,Simulation / synthetic data,"A statistical model that learns a data distribution and can sample new data (e.g., variational autoencoder, diffusion models, generative adversarial networks).",,No,No,Yes: Diffusion model; No: U-Net,,"Synthetic data/augmentation (e.g., variational autoencoders, generative adversarial networks, diffusion models, simulation pipelines)",,7,5,2,4,1,3,6,8,Simulation realism,Simulation realism,Other (please specify),Other,PhD Student,,25â 34,Man,,Germany
Simulates data,Probabilistic / Bayesian models,"A statistical model that learns a data distribution and can sample new data (e.g., variational autoencoder, diffusion models, generative adversarial networks).",,Yes,No,Yes: Guassian; No: Graph,Model; User-friendly,"Mechanistic/biophysical modeling (e.g., neuronalâ haemodynamic models, state-space models, dynamic causal models),Synthetic data/augmentation (e.g., variational autoencoders, generative adversarial networks, diffusion models, simulation pipelines),Normative modeling/deviation maps (e.g., hierarchical Bayesian normative models, Gaussian processes),Encoding/decoding models (e.g., generative encoding models, latent-variable models),Clinical prediction/stratification (e.g., individualised latent-space models, disease subtyping)",,4,8,2,6,1,5,7,3,Keep revisiting the basics; Keep assessing assumptions,Appropriateness of assumptions,MRI,,Research Assistant / Technician / Data Scientist,,25â 34,Man,,USA
Simulates data; Very broad,Mechanistic / biophysical models,"Any model that can produce synthetic data, by any method (mechanistic, probabilistic, or machine learning based).",,No,Yes,Yes: Neural mass models; No: General linear model,Foundational model,"Whole-brain dynamical modeling (e.g., network-level simulations, eigenmode-based models),Normative modeling/deviation maps (e.g., hierarchical Bayesian normative models, Gaussian processes),Encoding/decoding models (e.g., generative encoding models, latent-variable models),Clinical prediction/stratification (e.g., individualised latent-space models, disease subtyping)",,2,6,7,8,5,1,4,3,Falsifiability: Search for scenarios where the generative model fails ,Model comparison and falsifiability,Methods development / computational modeling,,Postdoctoral researcher,,25â 34,Man,,Singapore
Artificial intelligence; Chatbots,Content-producing AI (text/image),"Any model that can produce synthetic data, by any method (mechanistic, probabilistic, or machine learning based).",,No,No,Yes: Large language model; No: Brain Age,Artificial intelligence,"Mechanistic/biophysical modeling (e.g., neuronalâ haemodynamic models, state-space models, dynamic causal models),Normative modeling/deviation maps (e.g., hierarchical Bayesian normative models, Gaussian processes),Clinical prediction/stratification (e.g., individualised latent-space models, disease subtyping)",,1,3,4,5,8,2,7,6,Biological interpretability; Out-of-sample accuracy,Interpretability; Generalization,MRI,,Research Assistant / Technician / Data Scientist,,35â 44,Woman,,Canada
Artificial intelligence; Simulates data,Other / hybrid / unclear,"A mechanistic model that simulates observed data via an explicit forward process (e.g., neuronalâ hemodynamic model, biophysical state-space model, dynamic causal modeling).",,No,Yes,Yes: Dynamic causal models,Effective connectivity,"Mechanistic/biophysical modeling (e.g., neuronalâ haemodynamic models, state-space models, dynamic causal models),Whole-brain dynamical modeling (e.g., network-level simulations, eigenmode-based models)",,1,7,8,5,4,3,6,2,Out-of-sample accuracy ,Generalization,MRI,,PI / Group leader,,35â 44,Man,,Australia
Inference over latent causes,Mechanistic / biophysical models,"A mechanistic model that simulates observed data via an explicit forward process (e.g., neuronalâ hemodynamic model, biophysical state-space model, dynamic causal modeling).",,No,No,Yes: Diffusion model; No: Signal detection model,Model fit,"Mechanistic/biophysical modeling (e.g., neuronalâ haemodynamic models, state-space models, dynamic causal models)",,7,6,8,2,4,1,5,3,Assess whether paramters are sensitive to psychological manipualations,Interpretability,Methods development / computational modeling,,Postdoctoral researcher,,25â 34,Man,,Australia
Artificial intelligence; Simulates data,Simulation / synthetic data,"Any model that can produce synthetic data, by any method (mechanistic, probabilistic, or machine learning based).",,No,Yes,Yes: Variational autoencoder; No: Imputation model,Digital twin,"Synthetic data/augmentation (e.g., variational autoencoders, generative adversarial networks, diffusion models, simulation pipelines)",,1,2,3,4,5,6,7,8,Out-of-sample validity,Generalization,Methods development / computational modeling,,PI / Group leader,,55â 64,Man,,Italy
Simulates data,Other / hybrid / unclear,"Any model that can produce synthetic data, by any method (mechanistic, probabilistic, or machine learning based).",,No,Yes,Yes: Random forest; No: General linear model,Mindreading,"Normative modeling/deviation maps (e.g., hierarchical Bayesian normative models, Gaussian processes),Clinical prediction/stratification (e.g., individualised latent-space models, disease subtyping)",,2,7,6,3,8,5,4,1,Out-of-sample validity; Removing things like K-fold and leave-one-out cross validation,Generalization,MRI,,PhD Student,,25â 34,Woman,,UK
Structure learning (learning relationships between observed variables),Other / hybrid / unclear,"A statistical model that learns a data distribution and can sample new data (e.g., variational autoencoder, diffusion models, generative adversarial networks).",,No,No,Yes: Large language model; No: Brain Age,,"Whole-brain dynamical modeling (e.g., network-level simulations, eigenmode-based models),Clinical prediction/stratification (e.g., individualised latent-space models, disease subtyping)",,1,2,3,4,5,6,7,8,Out-of-sample validity,Generalization,Methods development / computational modeling,,PI / Group leader,,55â 64,Man,,USA
Artificial intelligence; simulates data,Simulation / synthetic data,"A statistical time-series model that generates data via dependencies on past values (e.g., autoregressive model, autoregressive moving average model).",,Yes,No,Yes: Generative adversarial network and Variational autoencoder; General linear model and Support vector machine,Biomarker,"Synthetic data/augmentation (e.g., variational autoencoders, generative adversarial networks, diffusion models, simulation pipelines)",,1,2,3,4,5,6,7,8,Multiple evaulation metrics,Generalization,MRI,,PhD Student,,25â 34,Man,,India
Simulates data,Simulation / synthetic data,"Any model that can produce synthetic data, by any method (mechanistic, probabilistic, or machine learning based).",,No,No,Yes: Dynamic causal models; No: Functional connectivity,Functional connectivity,"Mechanistic/biophysical modeling (e.g., neuronalâ haemodynamic models, state-space models, dynamic causal models),Whole-brain dynamical modeling (e.g., network-level simulations, eigenmode-based models),Synthetic data/augmentation (e.g., variational autoencoders, generative adversarial networks, diffusion models, simulation pipelines),Encoding/decoding models (e.g., generative encoding models, latent-variable models),Simulation-based inference / likelihood-free inference",,2,6,7,8,3,1,5,4,Out-of-sample validity; Biological interpretability,Generalization,Multimodal imaging,,PI / Group leader,,45â 54,Woman,,Australia
Biological detail; Explicit rules,Other / hybrid / unclear,"A mechanistic model that simulates observed data via an explicit forward process (e.g., neuronalâ hemodynamic model, biophysical state-space model, dynamic causal modeling).",,No,Yes,Yes: Dynamic causal models; No: General linear model,,"Mechanistic/biophysical modeling (e.g., neuronalâ haemodynamic models, state-space models, dynamic causal models),Whole-brain dynamical modeling (e.g., network-level simulations, eigenmode-based models),Simulation-based inference / likelihood-free inference",,2,3,7,4,6,1,8,5,Do not impute qualities of the model to the system,Appropriateness of assumptions,Methods development / computational modeling,,PI / Group leader,,45â 54,Man,,Belgium
Artificial intelligence; Chatbots,Other / hybrid / unclear,"Any model that can produce synthetic data, by any method (mechanistic, probabilistic, or machine learning based).",,No,Yes,Yes: Large language model; No: Brain Age,Brain Age,Other (please specify),Large language models,4,5,6,7,3,8,1,2,Check sources,Appropriateness of assumptions,MRI,,Postdoctoral researcher,,25â 34,Man,,UK
Simulates data,Other / hybrid / unclear,"Any model that can produce synthetic data, by any method (mechanistic, probabilistic, or machine learning based).",,Yes,No,Ys: Large language model; No: General linear model,,"Mechanistic/biophysical modeling (e.g., neuronalâ haemodynamic models, state-space models, dynamic causal models),Normative modeling/deviation maps (e.g., hierarchical Bayesian normative models, Gaussian processes)",,3,1,6,5,4,2,8,7,,,Clinical research / translation neuroscience,,Postdoctoral researcher,,25â 34,Man,,Australia
Joint distribution,Simulation / synthetic data,"A statistical model that learns a data distribution and can sample new data (e.g., variational autoencoder, diffusion models, generative adversarial networks).",,Yes,No,Yes: General linear model; No: Support vector machine,Prediction,"Encoding/decoding models (e.g., generative encoding models, latent-variable models)",,2,3,5,4,1,8,6,7,Bayesain inference and model comparison,Model comparison and falsifiability,Methods development / computational modeling,,Postdoctoral researcher,,35â 44,Man,,Germany
Simulates data,Mechanistic / biophysical models,"Any model that can produce synthetic data, by any method (mechanistic, probabilistic, or machine learning based).",,No,No,Yes: Autoencoder; No: Statistics,,"Whole-brain dynamical modeling (e.g., network-level simulations, eigenmode-based models),Synthetic data/augmentation (e.g., variational autoencoders, generative adversarial networks, diffusion models, simulation pipelines),Clinical prediction/stratification (e.g., individualised latent-space models, disease subtyping)",,4,5,2,6,1,7,8,3,Avoid data leakage,Simulation realism,MRI,,PI / Group leader,,45â 54,Man,,Australia
Simulates data,Mechanistic / biophysical models,"A mechanistic model that simulates observed data via an explicit forward process (e.g., neuronalâ hemodynamic model, biophysical state-space model, dynamic causal modeling).",,Yes,No,Yes: Bayesian models,Brain dynamics,"Mechanistic/biophysical modeling (e.g., neuronalâ haemodynamic models, state-space models, dynamic causal models),Whole-brain dynamical modeling (e.g., network-level simulations, eigenmode-based models),Clinical prediction/stratification (e.g., individualised latent-space models, disease subtyping)",,1,2,3,4,5,6,7,8,Look for convergences between model-free and biophysical models,Model comparison and falsifiability,Clinical research / translation neuroscience,,PI / Group leader,,Prefer not to say,Woman,,USA
Simulates data; Biological detail,Mechanistic / biophysical models,"A mechanistic model that simulates observed data via an explicit forward process (e.g., neuronalâ hemodynamic model, biophysical state-space model, dynamic causal modeling).",,No,No,Yes: Dynamic causal models; No: Autoregressive models,Prediction,"Mechanistic/biophysical modeling (e.g., neuronalâ haemodynamic models, state-space models, dynamic causal models),Normative modeling/deviation maps (e.g., hierarchical Bayesian normative models, Gaussian processes),Clinical prediction/stratification (e.g., individualised latent-space models, disease subtyping)",,3,1,7,4,2,6,8,5,Out-of-sample validity,Generalization,EEG,,Postdoctoral researcher,,25â 34,Prefer not to say,,
Simulates data,Probabilistic / Bayesian models,"A statistical model that learns a data distribution and can sample new data (e.g., variational autoencoder, diffusion models, generative adversarial networks).",,Yes,No,Yes: Variational autoencoder; No: General linear model,Prediction,"Whole-brain dynamical modeling (e.g., network-level simulations, eigenmode-based models),Encoding/decoding models (e.g., generative encoding models, latent-variable models)",,1,4,5,6,3,7,8,2,,,MRI,,PhD Student,,25â 34,Man,,USA
Artificial intelligence; Chatbots,Content-producing AI (text/image),"Any model that can produce synthetic data, by any method (mechanistic, probabilistic, or machine learning based).",,No,No,,Generative,Other (please specify),,1,4,2,3,8,5,7,6,,,MRI,,PI / Group leader,,45â 54,Man,,USA
Simulates data; Explicit rules,Simulation / synthetic data,"A mechanistic model that simulates observed data via an explicit forward process (e.g., neuronalâ hemodynamic model, biophysical state-space model, dynamic causal modeling).",,No,No,No: Artificial neural network,,"Mechanistic/biophysical modeling (e.g., neuronalâ haemodynamic models, state-space models, dynamic causal models),Whole-brain dynamical modeling (e.g., network-level simulations, eigenmode-based models),Normative modeling/deviation maps (e.g., hierarchical Bayesian normative models, Gaussian processes),Clinical prediction/stratification (e.g., individualised latent-space models, disease subtyping),Simulation-based inference / likelihood-free inference",,3,6,7,5,2,1,8,4,Biological interpretability; Out-of-sample accuracy,Interpretability,MRI,,Postdoctoral researcher,,25â 34,Man,,Australia
Structure learning (without explicit simulation of data),Other / hybrid / unclear,"Any model that can produce synthetic data, by any method (mechanistic, probabilistic, or machine learning based).",,Yes,No,Yes: Autoencoder; No: Attentional models,Model,"Synthetic data/augmentation (e.g., variational autoencoders, generative adversarial networks, diffusion models, simulation pipelines),Encoding/decoding models (e.g., generative encoding models, latent-variable models),Clinical prediction/stratification (e.g., individualised latent-space models, disease subtyping)",,8,3,5,6,4,1,2,7,,,Multimodal imaging,,Postdoctoral researcher,,35â 44,Woman,,Finland 
Biological detail; Inference over latent causes,Mechanistic / biophysical models,"A mechanistic model that simulates observed data via an explicit forward process (e.g., neuronalâ hemodynamic model, biophysical state-space model, dynamic causal modeling).",,Yes,No,Yes: Dynamic causal models; No: Support vector machine,Effective connectivity,"Mechanistic/biophysical modeling (e.g., neuronalâ haemodynamic models, state-space models, dynamic causal models),Whole-brain dynamical modeling (e.g., network-level simulations, eigenmode-based models)",,2,1,3,4,5,6,7,8,,,MRI,,PI / Group leader,,35â 44,Man,,South Korea
Simulates data; Bayesian; Joint distribution,Simulation / synthetic data,"A mechanistic model that simulates observed data via an explicit forward process (e.g., neuronalâ hemodynamic model, biophysical state-space model, dynamic causal modeling).",,Yes,No,Yes: Autoencoder,,"Mechanistic/biophysical modeling (e.g., neuronalâ haemodynamic models, state-space models, dynamic causal models),Whole-brain dynamical modeling (e.g., network-level simulations, eigenmode-based models),Synthetic data/augmentation (e.g., variational autoencoders, generative adversarial networks, diffusion models, simulation pipelines),Clinical prediction/stratification (e.g., individualised latent-space models, disease subtyping)",,1,8,3,4,6,2,7,5,Start with fewest parameters,Appropriateness of assumptions,Methods development / computational modeling,,Postdoctoral researcher,,35â 44,Woman,,USA
Simulates data,Content-producing AI (text/image),"Any model that can produce synthetic data, by any method (mechanistic, probabilistic, or machine learning based).",,No,No,Yes: Reinforcement learning; No: t-statistic,,"Mechanistic/biophysical modeling (e.g., neuronalâ haemodynamic models, state-space models, dynamic causal models)",,6,2,1,3,7,4,8,5,Biological interpretability,Interpretability,MRI,,Postdoctoral researcher,,35â 44,Woman,,UK
Describes distribution of input data,Other / hybrid / unclear,"A statistical model that learns a data distribution and can sample new data (e.g., variational autoencoder, diffusion models, generative adversarial networks).",,No,No,Yes: Diffusion model; No: Latent Dirichlet allocation,Digital twin; Normative modeling,"Normative modeling/deviation maps (e.g., hierarchical Bayesian normative models, Gaussian processes),Encoding/decoding models (e.g., generative encoding models, latent-variable models),Clinical prediction/stratification (e.g., individualised latent-space models, disease subtyping)",,2,5,3,8,7,4,6,1,,,MRI,,PhD Student,,25â 34,Woman,,Australia
Simulates data; Biological detail; Explicit rules,Other / hybrid / unclear,"A mechanistic model that simulates observed data via an explicit forward process (e.g., neuronalâ hemodynamic model, biophysical state-space model, dynamic causal modeling).",,No,No,Yes: Dynamic causal models; No: Correlations,Generative model,"Mechanistic/biophysical modeling (e.g., neuronalâ haemodynamic models, state-space models, dynamic causal models)",,3,7,5,6,4,1,8,2,,,Clinical research / translation neuroscience,,Postdoctoral researcher,,25â 34,Woman,,Germany
Simulates data; Biological detail; Explicit rules,Mechanistic / biophysical models,"A mechanistic model that simulates observed data via an explicit forward process (e.g., neuronalâ hemodynamic model, biophysical state-space model, dynamic causal modeling).",,No,No,Yes: Dynamic causal models; No: Machine learning,Machine learning,"Mechanistic/biophysical modeling (e.g., neuronalâ haemodynamic models, state-space models, dynamic causal models),Synthetic data/augmentation (e.g., variational autoencoders, generative adversarial networks, diffusion models, simulation pipelines),Encoding/decoding models (e.g., generative encoding models, latent-variable models)",,6,1,3,4,5,2,8,7,Appropriateness of the model and data,Appropriateness of assumptions,MRI,,Postdoctoral researcher,,35â 44,Woman,,Australia
Simulates datal; Learning joint distribution,Other / hybrid / unclear,"Any model that can produce synthetic data, by any method (mechanistic, probabilistic, or machine learning based).",,No,Yes,Yes: Generative adversarial network: No: General linear model,,"Synthetic data/augmentation (e.g., variational autoencoders, generative adversarial networks, diffusion models, simulation pipelines),Encoding/decoding models (e.g., generative encoding models, latent-variable models)",,5,6,1,3,4,8,7,2,Out-of-sample validity,Generalization,MRI,,PI / Group leader,,35â 44,Man,,USA
Joint distribution; Explicit rules; Simulates data,Probabilistic / Bayesian models,"A mechanistic model that simulates observed data via an explicit forward process (e.g., neuronalâ hemodynamic model, biophysical state-space model, dynamic causal modeling).",,Yes,Yes,Yes: Dynamic causal models; No: Correlations,,"Mechanistic/biophysical modeling (e.g., neuronalâ haemodynamic models, state-space models, dynamic causal models),Encoding/decoding models (e.g., generative encoding models, latent-variable models),Clinical prediction/stratification (e.g., individualised latent-space models, disease subtyping)",,1,2,5,3,4,6,8,7,Free energy and out-of-sample validity,Generalization; Model comparison and falsifiability,MRI,,PI / Group leader,,35â 44,Man,,UK
Artificial intelligence; Chatbots,Simulation / synthetic data,"A statistical model that learns a data distribution and can sample new data (e.g., variational autoencoder, diffusion models, generative adversarial networks).",,No,Yes,Yes: Diffusion model; No: General linear model,,"Synthetic data/augmentation (e.g., variational autoencoders, generative adversarial networks, diffusion models, simulation pipelines)",,4,7,8,5,1,6,3,2,Biological interpretability,Interpretability,Methods development / computational modeling,,PI / Group leader,,45â 54,Man,,France
Simulates data; Explicit rules,Other / hybrid / unclear,"Any model that can produce synthetic data, by any method (mechanistic, probabilistic, or machine learning based).",,No,Yes,,,Other (please specify),,2,6,3,7,8,4,5,1,Use generative models for exploration only,Appropriateness of assumptions,Multimodal imaging,,PI / Group leader,,45â 54,Woman,,USA
Simulates data,Simulation / synthetic data,"Any model that can produce synthetic data, by any method (mechanistic, probabilistic, or machine learning based).",,No,No,,,Other (please specify),,3,7,8,6,1,2,5,4,,,Methods development / computational modeling,,PI / Group leader,,35â 44,Man,,Australia
Artificial intelligence; Chatbots,Content-producing AI (text/image),"Any model that can produce synthetic data, by any method (mechanistic, probabilistic, or machine learning based).",,No,No,,,"Normative modeling/deviation maps (e.g., hierarchical Bayesian normative models, Gaussian processes),Clinical prediction/stratification (e.g., individualised latent-space models, disease subtyping)",,7,1,4,2,6,3,8,5,,,Multimodal imaging,,PI / Group leader,,45â 54,Woman,,USA
Simulates data; Biological mechanism,Mechanistic / biophysical models,"Any model that can produce synthetic data, by any method (mechanistic, probabilistic, or machine learning based).",,No,No,Yes: Monte Carlo simulation; No: Autoregressive models,,"Mechanistic/biophysical modeling (e.g., neuronalâ haemodynamic models, state-space models, dynamic causal models),Whole-brain dynamical modeling (e.g., network-level simulations, eigenmode-based models)",,3,2,4,5,1,6,7,8,,,MRI,,PhD Student,,65 or older,Man,,Switzerland
Artificial intelligence; Simulates data,Other / hybrid / unclear,"Any model that can produce synthetic data, by any method (mechanistic, probabilistic, or machine learning based).",,No,Yes,,,"Clinical prediction/stratification (e.g., individualised latent-space models, disease subtyping)",,1,6,7,4,2,5,8,3,,,EEG,,Postdoctoral researcher,,35â 44,Man,,Australia
Artificial intelligence; Simulates data,Other / hybrid / unclear,"A statistical model that learns a data distribution and can sample new data (e.g., variational autoencoder, diffusion models, generative adversarial networks).",,Yes,No,,,"Normative modeling/deviation maps (e.g., hierarchical Bayesian normative models, Gaussian processes),Encoding/decoding models (e.g., generative encoding models, latent-variable models)",,5,3,6,7,4,1,8,2,,,EEG,,PI / Group leader,,65 or older,Man,,USA
Explicit rules,Other / hybrid / unclear,"A mechanistic model that simulates observed data via an explicit forward process (e.g., neuronalâ hemodynamic model, biophysical state-space model, dynamic causal modeling).",,No,Yes,,,"Mechanistic/biophysical modeling (e.g., neuronalâ haemodynamic models, state-space models, dynamic causal models),Whole-brain dynamical modeling (e.g., network-level simulations, eigenmode-based models),Encoding/decoding models (e.g., generative encoding models, latent-variable models),Simulation-based inference / likelihood-free inference",,4,6,3,5,1,2,8,7,Falsifiability,Model comparison and falsifiability,EEG,,PhD Student,,25â 34,Man,,Australia
Learning joint distribution,Simulation / synthetic data,"A statistical model that learns a data distribution and can sample new data (e.g., variational autoencoder, diffusion models, generative adversarial networks).",,No,No,,,"Synthetic data/augmentation (e.g., variational autoencoders, generative adversarial networks, diffusion models, simulation pipelines),Encoding/decoding models (e.g., generative encoding models, latent-variable models)",,2,5,6,7,1,4,8,3,Generalisation,Generalization,Methods development / computational modeling,,PI / Group leader,,35â 44,Woman,,France
Simulate data,Simulation / synthetic data,"A statistical model that learns a data distribution and can sample new data (e.g., variational autoencoder, diffusion models, generative adversarial networks).",,Yes,Yes,,,"Synthetic data/augmentation (e.g., variational autoencoders, generative adversarial networks, diffusion models, simulation pipelines),Clinical prediction/stratification (e.g., individualised latent-space models, disease subtyping)",,6,5,7,8,1,2,3,4,,,PET,,PI / Group leader,,35â 44,Woman,,Italy
Simulates data,Other / hybrid / unclear,"Any model that can produce synthetic data, by any method (mechanistic, probabilistic, or machine learning based).",,No,Yes,,,"Normative modeling/deviation maps (e.g., hierarchical Bayesian normative models, Gaussian processes),Clinical prediction/stratification (e.g., individualised latent-space models, disease subtyping)",,1,7,8,4,6,3,5,2,,,MRI,,"Clinician (e.g., psychiatrist, neurologist, radiologist)",,25â 34,Man,,Italy
Simulates data,Other / hybrid / unclear,"A mechanistic model that simulates observed data via an explicit forward process (e.g., neuronalâ hemodynamic model, biophysical state-space model, dynamic causal modeling).",,No,No,,,"Mechanistic/biophysical modeling (e.g., neuronalâ haemodynamic models, state-space models, dynamic causal models),Whole-brain dynamical modeling (e.g., network-level simulations, eigenmode-based models)",,3,5,6,7,1,2,8,4,,,MEG,,PI / Group leader,,45â 54,Man,,Canada
Artificial intelligence; Chatbots,Content-producing AI (text/image),"Any model that can produce synthetic data, by any method (mechanistic, probabilistic, or machine learning based).",,No,Yes,,,"Encoding/decoding models (e.g., generative encoding models, latent-variable models)",,2,3,4,5,6,7,8,1,,,MRI,,PI / Group leader,,35â 44,Man,,USA
Simulates data; Biological detail; Explicit rules,Other / hybrid / unclear,"A mechanistic model that simulates observed data via an explicit forward process (e.g., neuronalâ hemodynamic model, biophysical state-space model, dynamic causal modeling).",,Yes,Yes,Yes: Dynamic causal models; No: Eigenmodes,,"Mechanistic/biophysical modeling (e.g., neuronalâ haemodynamic models, state-space models, dynamic causal models)",,3,1,2,5,7,4,6,8,,,Clinical research / translation neuroscience,,PhD Student,,,,,
Decodes or classifies data,Other / hybrid / unclear,"A statistical time-series model that generates data via dependencies on past values (e.g., autoregressive model, autoregressive moving average model).",,Yes,No,,,"Encoding/decoding models (e.g., generative encoding models, latent-variable models),Clinical prediction/stratification (e.g., individualised latent-space models, disease subtyping)",,1,2,3,4,5,6,7,8,,,MRI,,PhD Student,,25â 34,Man,,South Korea
Joint distribution; Structure learning; Simulates data,Other / hybrid / unclear,"A statistical model that learns a data distribution and can sample new data (e.g., variational autoencoder, diffusion models, generative adversarial networks).",,Yes,No,Yes: Large language model; No: General linear model,,,,4,8,5,3,1,6,7,2,,,MRI,,Postdoctoral researcher,,25â 34,Woman,,Switzerland
Inference over latent causes,Probabilistic / Bayesian models,"A latent-variable model that explains data in terms of hidden causes regardless of whether it explicitly simulates data  (e.g., Bayesian causal model, hierarchical latent-cause models).",,Yes,Yes,,,"Synthetic data/augmentation (e.g., variational autoencoders, generative adversarial networks, diffusion models, simulation pipelines),Normative modeling/deviation maps (e.g., hierarchical Bayesian normative models, Gaussian processes),Encoding/decoding models (e.g., generative encoding models, latent-variable models)",,4,1,5,6,7,2,3,8,,,Methods development / computational modeling,,Postdoctoral researcher,,25â 34,Man,,India
Explicit rules; Simulates data,Simulation / synthetic data,"Any model that can produce synthetic data, by any method (mechanistic, probabilistic, or machine learning based).",,Yes,No,,,"Mechanistic/biophysical modeling (e.g., neuronalâ haemodynamic models, state-space models, dynamic causal models),Whole-brain dynamical modeling (e.g., network-level simulations, eigenmode-based models),Simulation-based inference / likelihood-free inference",,4,2,7,5,3,1,6,8,,,MRI,,Postdoctoral researcher,,25â 34,Woman,,Australia
Learning joint distribution,Probabilistic / Bayesian models,"A mechanistic model that simulates observed data via an explicit forward process (e.g., neuronalâ hemodynamic model, biophysical state-space model, dynamic causal modeling).",,Yes,No,,,"Mechanistic/biophysical modeling (e.g., neuronalâ haemodynamic models, state-space models, dynamic causal models),Whole-brain dynamical modeling (e.g., network-level simulations, eigenmode-based models)",,1,6,8,3,4,2,5,7,,,MRI,,PhD Student,,25â 34,Man,,Switzerland
Simulates data; Biological detail,Simulation / synthetic data,"Any model that can produce synthetic data, by any method (mechanistic, probabilistic, or machine learning based).",,No,Yes,,Clustering,"Normative modeling/deviation maps (e.g., hierarchical Bayesian normative models, Gaussian processes),Encoding/decoding models (e.g., generative encoding models, latent-variable models)",,1,6,4,7,3,5,8,2,,,Methods development / computational modeling,,Postdoctoral researcher,,35â 44,Man,,
Simulates data; Explicit rules,Simulation / synthetic data,"Any model that can produce synthetic data, by any method (mechanistic, probabilistic, or machine learning based).",,Yes,No,,,"Mechanistic/biophysical modeling (e.g., neuronalâ haemodynamic models, state-space models, dynamic causal models),Whole-brain dynamical modeling (e.g., network-level simulations, eigenmode-based models),Synthetic data/augmentation (e.g., variational autoencoders, generative adversarial networks, diffusion models, simulation pipelines),Encoding/decoding models (e.g., generative encoding models, latent-variable models)",,1,2,4,6,3,7,8,5,,,Methods development / computational modeling,,PI / Group leader,,25â 34,Man,,USA
,Other / hybrid / unclear,"Any model that can produce synthetic data, by any method (mechanistic, probabilistic, or machine learning based).",,Yes,Yes,,,"Mechanistic/biophysical modeling (e.g., neuronalâ haemodynamic models, state-space models, dynamic causal models)",,3,5,6,4,7,1,8,2,,,MRI,,PhD Student,,25â 34,Man,,Australia
,,"A latent-variable model that explains data in terms of hidden causes regardless of whether it explicitly simulates data  (e.g., Bayesian causal model, hierarchical latent-cause models).",,No,No,,,"Synthetic data/augmentation (e.g., variational autoencoders, generative adversarial networks, diffusion models, simulation pipelines)",,1,3,2,4,5,6,7,8,Visual analysis,Appropriateness of assumptions,Other (please specify),Other,Postdoctoral researcher,,35â 44,Man,,Australia
,,Other (please specify).,All of the above,No,No,,,"Mechanistic/biophysical modeling (e.g., neuronalâ haemodynamic models, state-space models, dynamic causal models),Whole-brain dynamical modeling (e.g., network-level simulations, eigenmode-based models),Encoding/decoding models (e.g., generative encoding models, latent-variable models)",,2,4,8,3,6,1,7,5,,,Methods development / computational modeling,,PI / Group leader,,35â 44,Prefer not to say,,USA
,,"Any model that can produce synthetic data, by any method (mechanistic, probabilistic, or machine learning based).",,No,No,Yes: Diffusion model; No: General linear model,,"Synthetic data/augmentation (e.g., variational autoencoders, generative adversarial networks, diffusion models, simulation pipelines),Normative modeling/deviation maps (e.g., hierarchical Bayesian normative models, Gaussian processes)",,2,6,5,3,1,4,7,8,Falsifiability,Model comparison and falsifiability,Methods development / computational modeling,,PI / Group leader,,55â 64,Man,,UK
,,"A latent-variable model that explains data in terms of hidden causes regardless of whether it explicitly simulates data  (e.g., Bayesian causal model, hierarchical latent-cause models).",,Yes,Yes,Yes: Retrieval-augmented generation model; No: K-means clustering,,"Mechanistic/biophysical modeling (e.g., neuronalâ haemodynamic models, state-space models, dynamic causal models),Whole-brain dynamical modeling (e.g., network-level simulations, eigenmode-based models),Synthetic data/augmentation (e.g., variational autoencoders, generative adversarial networks, diffusion models, simulation pipelines),Normative modeling/deviation maps (e.g., hierarchical Bayesian normative models, Gaussian processes),Clinical prediction/stratification (e.g., individualised latent-space models, disease subtyping),Simulation-based inference / likelihood-free inference",,8,6,3,4,1,2,5,7,Out-of-sample validity,Generalization,EEG,,,,Prefer not to say,Prefer not to say,,Australia
,,"A statistical model that learns a data distribution and can sample new data (e.g., variational autoencoder, diffusion models, generative adversarial networks).",,No,No,,,"Mechanistic/biophysical modeling (e.g., neuronalâ haemodynamic models, state-space models, dynamic causal models),Clinical prediction/stratification (e.g., individualised latent-space models, disease subtyping)",,1,4,5,6,7,2,8,3,,,Multimodal imaging,,Other (please specify),Professor,45â 54,Woman,,
,,"A statistical model that learns a data distribution and can sample new data (e.g., variational autoencoder, diffusion models, generative adversarial networks).",,Yes,Yes,,,"Mechanistic/biophysical modeling (e.g., neuronalâ haemodynamic models, state-space models, dynamic causal models),Whole-brain dynamical modeling (e.g., network-level simulations, eigenmode-based models),Synthetic data/augmentation (e.g., variational autoencoders, generative adversarial networks, diffusion models, simulation pipelines)",,1,7,8,5,4,3,6,2,,,MRI,,Postdoctoral researcher,,25â 34,Woman,,Italy
,,"Any model that can produce synthetic data, by any method (mechanistic, probabilistic, or machine learning based).",,No,No,,,"Mechanistic/biophysical modeling (e.g., neuronalâ haemodynamic models, state-space models, dynamic causal models),Normative modeling/deviation maps (e.g., hierarchical Bayesian normative models, Gaussian processes)",,8,2,6,3,4,1,7,5,,,MRI,,PhD Student,,25â 34,Woman,,Australia
,,"Any model that can produce synthetic data, by any method (mechanistic, probabilistic, or machine learning based).",,No,Yes,No: General linear model,,"Synthetic data/augmentation (e.g., variational autoencoders, generative adversarial networks, diffusion models, simulation pipelines),Encoding/decoding models (e.g., generative encoding models, latent-variable models),Clinical prediction/stratification (e.g., individualised latent-space models, disease subtyping)",,2,4,5,6,1,7,8,3,,,Methods development / computational modeling,,PI / Group leader,,35â 44,Prefer not to say,,
,,"Any model that can produce synthetic data, by any method (mechanistic, probabilistic, or machine learning based).",,No,No,,,"Mechanistic/biophysical modeling (e.g., neuronalâ haemodynamic models, state-space models, dynamic causal models),Whole-brain dynamical modeling (e.g., network-level simulations, eigenmode-based models),Synthetic data/augmentation (e.g., variational autoencoders, generative adversarial networks, diffusion models, simulation pipelines),Normative modeling/deviation maps (e.g., hierarchical Bayesian normative models, Gaussian processes)",,1,2,3,4,5,6,7,8,,,Multimodal imaging,,PI / Group leader,,55â 64,Woman,,USA
,,"A mechanistic model that simulates observed data via an explicit forward process (e.g., neuronalâ hemodynamic model, biophysical state-space model, dynamic causal modeling).",,No,Yes,,,"Mechanistic/biophysical modeling (e.g., neuronalâ haemodynamic models, state-space models, dynamic causal models),Whole-brain dynamical modeling (e.g., network-level simulations, eigenmode-based models)",,2,4,7,5,3,1,8,6,,,MRI,,PI / Group leader,,45â 54,Woman,,
,,"A mechanistic model that simulates observed data via an explicit forward process (e.g., neuronalâ hemodynamic model, biophysical state-space model, dynamic causal modeling).",,No,Yes,,,"Mechanistic/biophysical modeling (e.g., neuronalâ haemodynamic models, state-space models, dynamic causal models),Whole-brain dynamical modeling (e.g., network-level simulations, eigenmode-based models)",,7,8,6,5,1,4,3,2,,,EEG,,Postdoctoral researcher,,25â 34,Woman,,Australia
,,"A statistical model that learns a data distribution and can sample new data (e.g., variational autoencoder, diffusion models, generative adversarial networks).",,Yes,No,,,"Whole-brain dynamical modeling (e.g., network-level simulations, eigenmode-based models),Synthetic data/augmentation (e.g., variational autoencoders, generative adversarial networks, diffusion models, simulation pipelines),Clinical prediction/stratification (e.g., individualised latent-space models, disease subtyping)",,1,5,7,6,2,8,3,4,,,Multimodal imaging,,PI / Group leader,,25â 34,Man,,UK
,,"A mechanistic model that simulates observed data via an explicit forward process (e.g., neuronalâ hemodynamic model, biophysical state-space model, dynamic causal modeling).",,Yes,No,,,"Mechanistic/biophysical modeling (e.g., neuronalâ haemodynamic models, state-space models, dynamic causal models),Whole-brain dynamical modeling (e.g., network-level simulations, eigenmode-based models)",,4,5,7,1,6,2,8,3,,,MRI,,Postdoctoral researcher,,25â 34,Man,,Belgium
,,"Any model that can produce synthetic data, by any method (mechanistic, probabilistic, or machine learning based).",,No,No,,,"Mechanistic/biophysical modeling (e.g., neuronalâ haemodynamic models, state-space models, dynamic causal models),Whole-brain dynamical modeling (e.g., network-level simulations, eigenmode-based models),Encoding/decoding models (e.g., generative encoding models, latent-variable models),Clinical prediction/stratification (e.g., individualised latent-space models, disease subtyping)",,1,7,8,2,6,3,5,4,,,MRI,,PI / Group leader,,55â 64,Man,,USA
,,"Any model that can produce synthetic data, by any method (mechanistic, probabilistic, or machine learning based).",,Yes,Yes,,,"Mechanistic/biophysical modeling (e.g., neuronalâ haemodynamic models, state-space models, dynamic causal models),Whole-brain dynamical modeling (e.g., network-level simulations, eigenmode-based models)",,2,7,5,3,1,6,8,4,,,MRI,,Postdoctoral researcher,,25â 34,Woman,,
,,"Any model that can produce synthetic data, by any method (mechanistic, probabilistic, or machine learning based).",,Yes,Yes,,,"Mechanistic/biophysical modeling (e.g., neuronalâ haemodynamic models, state-space models, dynamic causal models),Simulation-based inference / likelihood-free inference",,1,5,3,2,4,6,7,8,,,MRI,,PI / Group leader,,45â 54,Man,,
,,"Any model that can produce synthetic data, by any method (mechanistic, probabilistic, or machine learning based).",,No,No,,,"Whole-brain dynamical modeling (e.g., network-level simulations, eigenmode-based models)",,6,7,2,4,3,5,8,1,,,EEG,,PhD Student,,45â 54,Woman,,
,,"Any model that can produce synthetic data, by any method (mechanistic, probabilistic, or machine learning based).",,No,No,,,"Synthetic data/augmentation (e.g., variational autoencoders, generative adversarial networks, diffusion models, simulation pipelines),Encoding/decoding models (e.g., generative encoding models, latent-variable models),Clinical prediction/stratification (e.g., individualised latent-space models, disease subtyping)",,5,1,6,3,2,8,4,7,,,Methods development / computational modeling,,PI / Group leader,,45â 54,Man,,
Artificial intelligence; Chatbots,Simulation / synthetic data,"Any model that can produce synthetic data, by any method (mechanistic, probabilistic, or machine learning based).",,No,Yes,Yes: Generative adversarial network; No: U-Net,,"Synthetic data/augmentation (e.g., variational autoencoders, generative adversarial networks, diffusion models, simulation pipelines),Encoding/decoding models (e.g., generative encoding models, latent-variable models),Clinical prediction/stratification (e.g., individualised latent-space models, disease subtyping)",,,,,,,,,,,,MRI,,PhD Student,,25â 34,Prefer not to say,,
,,"A statistical model that learns a data distribution and can sample new data (e.g., variational autoencoder, diffusion models, generative adversarial networks).",,Yes,No,,,,,3,4,5,6,2,1,8,7,,,Multimodal imaging,,,,,,,
,,"A latent-variable model that explains data in terms of hidden causes regardless of whether it explicitly simulates data  (e.g., Bayesian causal model, hierarchical latent-cause models).",,No,No,No: Eigenmodes,,"Whole-brain dynamical modeling (e.g., network-level simulations, eigenmode-based models)",,,,,,,,,,,,MRI,,PhD Student,,25â 34,Prefer not to say,,
,Other / hybrid / unclear,Other (please specify).,Unsure,,,,,,,,,,,,,,,,,Multimodal imaging,,PI / Group leader,,65 or older,Man,,USA
Artificial intelligence; chatbots,Other / hybrid / unclear,"Any model that can produce synthetic data, by any method (mechanistic, probabilistic, or machine learning based).",,No,Yes,Yes: Artificial neural networks,Synthetic data,,,,,,,,,,,,,,,,,,,,
Prediction of future values based on past values,Simulation / synthetic data,"Any model that can produce synthetic data, by any method (mechanistic, probabilistic, or machine learning based).",,No,Yes,Yes: Autoregressive models; No: Machine learning,Causal,,,,,,,,,,,,,,,,,,,,
,Other / hybrid / unclear,"A statistical time-series model that generates data via dependencies on past values (e.g., autoregressive model, autoregressive moving average model).",,No,Yes,,,Simulation-based inference / likelihood-free inference,,,,,,,,,,,,,,,,,,,
Artificial intelligence; Chatbots,Other / hybrid / unclear,"A mechanistic model that simulates observed data via an explicit forward process (e.g., neuronalâ hemodynamic model, biophysical state-space model, dynamic causal modeling).",,No,No,,,,,,,,,,,,,,,,,,,,,,
,Other / hybrid / unclear,"A mechanistic model that simulates observed data via an explicit forward process (e.g., neuronalâ hemodynamic model, biophysical state-space model, dynamic causal modeling).",,Yes,No,,,,,,,,,,,,,,,,,,,,,,
,,"Any model that can produce synthetic data, by any method (mechanistic, probabilistic, or machine learning based).",,No,No,,,"Mechanistic/biophysical modeling (e.g., neuronalâ haemodynamic models, state-space models, dynamic causal models),Whole-brain dynamical modeling (e.g., network-level simulations, eigenmode-based models),Synthetic data/augmentation (e.g., variational autoencoders, generative adversarial networks, diffusion models, simulation pipelines)",,,,,,,,,,,,,,,,,,,
,,"A mechanistic model that simulates observed data via an explicit forward process (e.g., neuronalâ hemodynamic model, biophysical state-space model, dynamic causal modeling).",,No,Yes,,,"Whole-brain dynamical modeling (e.g., network-level simulations, eigenmode-based models),Synthetic data/augmentation (e.g., variational autoencoders, generative adversarial networks, diffusion models, simulation pipelines)",,,,,,,,,,,,,,,,,,,
,,"A statistical model that learns a data distribution and can sample new data (e.g., variational autoencoder, diffusion models, generative adversarial networks).",,No,No,,,,,,,,,,,,,,,,,,,,,,
,,"A statistical model that learns a data distribution and can sample new data (e.g., variational autoencoder, diffusion models, generative adversarial networks).",,Yes,No,,,,,,,,,,,,,,,,,,,,,,
,,"Any model that can produce synthetic data, by any method (mechanistic, probabilistic, or machine learning based).",,,,,,,,,,,,,,,,,,,,,,,,,